id,name,rank,rate_2029,rate_2028,rate_2027,rate_2026,rate_2025,rate_2024,source_url,source_note,data_quality
williams,Williams College,1,8.25,,,,,,https://collegescorecard.ed.gov/school/?168342,College Scorecard latest.admissions.admission_rate.overall / ADM_RATE; official base rate applied via UNITID 168342; reviewed against Williams College. Original IMG_0742.JPG table retained for LAC list/rank scope.,0.9
amherst,Amherst College,2,9.01,,,,,,https://collegescorecard.ed.gov/school/?164465,College Scorecard latest.admissions.admission_rate.overall / ADM_RATE; official base rate applied via UNITID 164465; reviewed against Amherst College. Original IMG_0742.JPG table retained for LAC list/rank scope.,0.9
swarthmore,Swarthmore College,4,7.46,,,,,,https://collegescorecard.ed.gov/school/?216287,College Scorecard latest.admissions.admission_rate.overall / ADM_RATE; official base rate applied via UNITID 216287; reviewed against Swarthmore College. Original IMG_0742.JPG table retained for LAC list/rank scope.,0.9
bowdoin,Bowdoin College,5,7.13,,,,,,https://collegescorecard.ed.gov/school/?161004,College Scorecard latest.admissions.admission_rate.overall / ADM_RATE; official base rate applied via UNITID 161004; reviewed against Bowdoin College. Original IMG_0742.JPG table retained for LAC list/rank scope.,0.9
claremont_mckenna,Claremont McKenna College,7,9.59,,,,,,https://collegescorecard.ed.gov/school/?112260,College Scorecard latest.admissions.admission_rate.overall / ADM_RATE; official base rate applied via UNITID 112260; reviewed against Claremont McKenna College. Original IMG_0742.JPG table retained for LAC list/rank scope.,0.9
pomona,Pomona College,7,7.09,,,,,,https://collegescorecard.ed.gov/school/?121345,College Scorecard latest.admissions.admission_rate.overall / ADM_RATE; official base rate applied via UNITID 121345; reviewed against Pomona College. Original IMG_0742.JPG table retained for LAC list/rank scope.,0.9
wellesley,Wellesley College,7,14.05,,,,,,https://collegescorecard.ed.gov/school/?168218,College Scorecard latest.admissions.admission_rate.overall / ADM_RATE; official base rate applied via UNITID 168218; reviewed against Wellesley College. Original IMG_0742.JPG table retained for LAC list/rank scope.,0.9
carleton,Carleton College,10,20.41,,,,,,https://collegescorecard.ed.gov/school/?173258,College Scorecard latest.admissions.admission_rate.overall / ADM_RATE; official base rate applied via UNITID 173258; reviewed against Carleton College. Original IMG_0742.JPG table retained for LAC list/rank scope.,0.9
harvey_mudd,Harvey Mudd College,10,12.66,,,,,,https://collegescorecard.ed.gov/school/?115409,College Scorecard latest.admissions.admission_rate.overall / ADM_RATE; official base rate applied via UNITID 115409; reviewed against Harvey Mudd College. Original IMG_0742.JPG table retained for LAC list/rank scope.,0.9
barnard,Barnard College,13,8.84,,,,,,https://collegescorecard.ed.gov/school/?189097,College Scorecard latest.admissions.admission_rate.overall / ADM_RATE; official base rate applied via UNITID 189097; reviewed against Barnard College. Original IMG_0742.JPG table retained for LAC list/rank scope.,0.9
davidson,Davidson College,13,13.37,,,,,,https://collegescorecard.ed.gov/school/?198385,College Scorecard latest.admissions.admission_rate.overall / ADM_RATE; official base rate applied via UNITID 198385; reviewed against Davidson College. Original IMG_0742.JPG table retained for LAC list/rank scope.,0.9
grinnell,Grinnell College,13,14.51,,,,,,https://collegescorecard.ed.gov/school/?153384,College Scorecard latest.admissions.admission_rate.overall / ADM_RATE; official base rate applied via UNITID 153384; reviewed against Grinnell College. Original IMG_0742.JPG table retained for LAC list/rank scope.,0.9
hamilton,Hamilton College,13,13.62,,,,,,https://collegescorecard.ed.gov/school/?191515,College Scorecard latest.admissions.admission_rate.overall / ADM_RATE; official base rate applied via UNITID 191515; reviewed against Hamilton College. Original IMG_0742.JPG table retained for LAC list/rank scope.,0.9
middlebury,Middlebury College,13,10.75,,,,,,https://collegescorecard.ed.gov/school/?230959,College Scorecard latest.admissions.admission_rate.overall / ADM_RATE; official base rate applied via UNITID 230959; reviewed against Middlebury College. Original IMG_0742.JPG table retained for LAC list/rank scope.,0.9
smith,Smith College,13,21.00,,,,,,https://collegescorecard.ed.gov/school/?167835,College Scorecard latest.admissions.admission_rate.overall / ADM_RATE; official base rate applied via UNITID 167835; reviewed against Smith College. Original IMG_0742.JPG table retained for LAC list/rank scope.,0.9
vassar,Vassar College,13,18.57,,,,,,https://collegescorecard.ed.gov/school/?197133,College Scorecard latest.admissions.admission_rate.overall / ADM_RATE; official base rate applied via UNITID 197133; reviewed against Vassar College. Original IMG_0742.JPG table retained for LAC list/rank scope.,0.9
wesleyan,Wesleyan University,13,16.49,,,,,,https://collegescorecard.ed.gov/school/?130697,College Scorecard latest.admissions.admission_rate.overall / ADM_RATE; official base rate applied via UNITID 130697; reviewed against Wesleyan University. Original IMG_0742.JPG table retained for LAC list/rank scope.,0.9
washington_and_lee,Washington and Lee University,21,13.97,,,,,,https://collegescorecard.ed.gov/school/?234207,College Scorecard latest.admissions.admission_rate.overall / ADM_RATE; official base rate applied via UNITID 234207; reviewed against Washington and Lee University. Original IMG_0742.JPG table retained for LAC list/rank scope.,0.9
colgate,Colgate University,22,13.88,,,,,,https://collegescorecard.ed.gov/school/?190099,College Scorecard latest.admissions.admission_rate.overall / ADM_RATE; official base rate applied via UNITID 190099; reviewed against Colgate University. Original IMG_0742.JPG table retained for LAC list/rank scope.,0.9
richmond,University of Richmond,22,22.20,,,,,,https://collegescorecard.ed.gov/school/?233374,College Scorecard latest.admissions.admission_rate.overall / ADM_RATE; official base rate applied via UNITID 233374; reviewed against University of Richmond. Original IMG_0742.JPG table retained for LAC list/rank scope.,0.9
bates,Bates College,24,13.32,,,,,,https://collegescorecard.ed.gov/school/?160977,College Scorecard latest.admissions.admission_rate.overall / ADM_RATE; official base rate applied via UNITID 160977; reviewed against Bates College. Original IMG_0742.JPG table retained for LAC list/rank scope.,0.9
colby,Colby College,24,7.09,,,,,,https://collegescorecard.ed.gov/school/?161086,College Scorecard latest.admissions.admission_rate.overall / ADM_RATE; official base rate applied via UNITID 161086; reviewed against Colby College. Original IMG_0742.JPG table retained for LAC list/rank scope.,0.9
haverford,Haverford College,24,12.37,,,,,,https://collegescorecard.ed.gov/school/?212911,College Scorecard latest.admissions.admission_rate.overall / ADM_RATE; official base rate applied via UNITID 212911; reviewed against Haverford College. Original IMG_0742.JPG table retained for LAC list/rank scope.,0.9
holy_cross,College of the Holy Cross,27,17.61,,,,,,https://collegescorecard.ed.gov/school/?166124,College Scorecard latest.admissions.admission_rate.overall / ADM_RATE; official base rate applied via UNITID 166124; reviewed against College of the Holy Cross. Original IMG_0742.JPG table retained for LAC list/rank scope.,0.9
macalester,Macalester College,28,28.52,,,,,,https://collegescorecard.ed.gov/school/?173902,College Scorecard latest.admissions.admission_rate.overall / ADM_RATE; official base rate applied via UNITID 173902; reviewed against Macalester College. Original IMG_0742.JPG table retained for LAC list/rank scope.,0.9
mount_holyoke,Mount Holyoke College,29,36.03,,,,,,https://collegescorecard.ed.gov/school/?166939,College Scorecard latest.admissions.admission_rate.overall / ADM_RATE; official base rate applied via UNITID 166939; reviewed against Mount Holyoke College. Original IMG_0742.JPG table retained for LAC list/rank scope.,0.9
bryn_mawr,Bryn Mawr College,30,29.43,,,,,,https://collegescorecard.ed.gov/school/?211273,College Scorecard latest.admissions.admission_rate.overall / ADM_RATE; official base rate applied via UNITID 211273; reviewed against Bryn Mawr College. Original IMG_0742.JPG table retained for LAC list/rank scope.,0.9
bucknell,Bucknell University,30,28.93,,,,,,https://collegescorecard.ed.gov/school/?211291,College Scorecard latest.admissions.admission_rate.overall / ADM_RATE; official base rate applied via UNITID 211291; reviewed against Bucknell University. Original IMG_0742.JPG table retained for LAC list/rank scope.,0.9
colorado_college,Colorado College,30,18.47,,,,,,https://collegescorecard.ed.gov/school/?126678,College Scorecard latest.admissions.admission_rate.overall / ADM_RATE; official base rate applied via UNITID 126678; reviewed against Colorado College. Original IMG_0742.JPG table retained for LAC list/rank scope.,0.9
lafayette,Lafayette College,30,31.45,,,,,,https://collegescorecard.ed.gov/school/?213385,College Scorecard latest.admissions.admission_rate.overall / ADM_RATE; official base rate applied via UNITID 213385; reviewed against Lafayette College. Original IMG_0742.JPG table retained for LAC list/rank scope.,0.9
