id,college_id,type,title,detail,is_official,source_url,minimum_sat,minimum_toefl,required_round,allowed_rounds,early_action_adjustment,early_decision_adjustment,affected_major,minimum_strength_band,source_note
mit_sat,mit,standardizedTest,Required standardized testing,MIT requires SAT/ACT for first-year applicants.,true,https://mitadmissions.org/apply/firstyear/tests-scores/,1500,,,,,,,,Official admissions page
mit_rounds,mit,round,First-year application rounds,MIT has Early Action and Regular Action; Early Action is non-binding and uses the same review process and criteria as Regular Action.,true,https://mitadmissions.org/apply/firstyear/early-vs-regular/,,,,"EA|RD",0,,,,Official admissions page
caltech_sat,caltech,standardizedTest,Required standardized testing,Caltech is treated as test-required in v1 gate data.,true,https://www.admissions.caltech.edu/apply/first-year-applicants/standardized-tests,1500,,,,,,,,Official admissions page
georgetown_sat,georgetown,standardizedTest,Required standardized testing,Georgetown is treated as requiring standardized testing.,true,https://uadmissions.georgetown.edu/applying/preparation-process/,1450,,,,,,,,Official admissions page
cornell_sat,cornell,standardizedTest,Required standardized testing,Cornell colleges with test-required policies require a valid score.,true,https://admissions.cornell.edu/apply/first-year-applicants/standardized-testing-policies,1450,,,,,,,,Official admissions page
notre_dame_sat,notre_dame,standardizedTest,Required standardized testing,Notre Dame is treated as test-required in v1 gate data.,true,https://admissions.nd.edu/apply/standardized-testing/,1420,,,,,,,,Official admissions page
english_minimum_inferred,*,english,English proficiency,International applicants normally need proof of English proficiency; v1 inferred floor uses TOEFL 90 or IELTS 6.5 unless an official school rule is added.,false,,,90,,,,,,,Inferred global rule; IELTS floor handled in engine as 6.5
stem_readiness_inferred,*,curriculum,STEM course readiness,STEM applicants need strong advanced math/science preparation.,false,,,,,,,,,3,Inferred global rule
arts_portfolio_inferred,*,portfolio,Portfolio readiness,Arts applicants need a portfolio-ready application.,false,,,,,,,,Arts,,Inferred global rule
